<?xml version="1.0"?>
<!--<!DOCTYPE metadata SYSTEM "http://www.esri.com/metadata/esriprof80.dtd">-->
<metadata xml:lang="en"><Esri><CreaDate>20080314</CreaDate><CreaTime>14403600</CreaTime><SyncOnce>TRUE</SyncOnce><MetaID>{0F0A1F2B-1946-4406-936E-50B28C6C23E2}</MetaID></Esri><idinfo><citation><citeinfo><onlink Sync="TRUE">\\GIS20\D$\dsl250new-2007\data-copy\lagoons</onlink></citeinfo></citation></idinfo><distInfo><distributor><distorTran><onLineSrc><linkage Sync="TRUE">file://\\GIS20\D$\dsl250new-2007\data-copy\lagoons</linkage><protocol Sync="TRUE">Local Area Network</protocol></onLineSrc></distorTran></distributor></distInfo><dataqual><lineage><procstep><procdesc Sync="TRUE">Dataset copied.</procdesc><srcused Sync="TRUE">d:\dsl250new-2007\lagoons</srcused><date Sync="TRUE">20080314</date><time Sync="TRUE">14403600</time></procstep></lineage></dataqual></metadata>
